{"cameraMode":{"drawMode":0,"name":"Shaded","section":"Shading Mode"},"sceneLighting":false,"audioPlay":false,"sceneViewState":{"m_AlwaysRefresh":false,"showFog":true,"showSkybox":true,"showFlares":true,"showImageEffects":true,"showParticleSystems":true,"showVisualEffectGraphs":true,"m_FxEnabled":true},"in2DMode":false,"pivot":{"x":6.8806610107421879,"y":1.7210197448730469,"z":70.83238220214844},"rotation":{"x":0.37155410647392275,"y":0.4017331600189209,"z":-0.18256250023841859,"w":0.8170099854469299},"size":27.48501205444336,"orthographic":false}