{"cameraMode":{"drawMode":0,"name":"Shaded","section":"Shading Mode"},"sceneLighting":true,"audioPlay":false,"sceneViewState":{"m_AlwaysRefresh":false,"showFog":true,"showSkybox":true,"showFlares":true,"showImageEffects":true,"showParticleSystems":true,"showVisualEffectGraphs":true,"m_FxEnabled":true},"in2DMode":false,"pivot":{"x":24.508848190307618,"y":1.2016205787658692,"z":26.814102172851564},"rotation":{"x":-0.012076182290911675,"y":-0.5930617451667786,"z":0.00889640860259533,"w":-0.8050075173377991},"size":1.3851064443588257,"orthographic":false}