{"cameraMode":{"drawMode":0,"name":"Shaded","section":"Shading Mode"},"sceneLighting":true,"audioPlay":false,"sceneViewState":{"m_AlwaysRefresh":false,"showFog":true,"showSkybox":true,"showFlares":true,"showImageEffects":true,"showParticleSystems":true,"showVisualEffectGraphs":true,"m_FxEnabled":true},"in2DMode":false,"pivot":{"x":28.63923454284668,"y":2.893994092941284,"z":17.49212074279785},"rotation":{"x":-0.014478586614131928,"y":0.9687110781669617,"z":0.05818600207567215,"w":0.24059729278087617},"size":5.215888977050781,"orthographic":false}