{"cameraMode":{"drawMode":0,"name":"Shaded","section":"Shading Mode"},"sceneLighting":false,"audioPlay":false,"sceneViewState":{"m_AlwaysRefresh":false,"showFog":true,"showSkybox":true,"showFlares":true,"showImageEffects":true,"showParticleSystems":true,"showVisualEffectGraphs":true,"m_FxEnabled":true},"in2DMode":false,"pivot":{"x":8.98067569732666,"y":4.301003932952881,"z":50.338504791259769},"rotation":{"x":-0.04611632227897644,"y":0.20798270404338838,"z":0.010186932049691677,"w":0.9771279096603394},"size":0.8660253882408142,"orthographic":false}