{"cameraMode":{"drawMode":0,"name":"Shaded","section":"Shading Mode"},"sceneLighting":false,"audioPlay":false,"sceneViewState":{"m_AlwaysRefresh":false,"showFog":true,"showSkybox":true,"showFlares":true,"showImageEffects":true,"showParticleSystems":true,"showVisualEffectGraphs":true,"m_FxEnabled":true},"in2DMode":false,"pivot":{"x":40.68077850341797,"y":-4.815690994262695,"z":-0.6028213500976563},"rotation":{"x":-0.026860864832997323,"y":-0.9709436297416687,"z":0.12963296473026277,"w":-0.19990584254264832},"size":28.136089324951173,"orthographic":false}