{"cameraMode":{"drawMode":0,"name":"Shaded","section":"Shading Mode"},"sceneLighting":true,"audioPlay":false,"sceneViewState":{"m_AlwaysRefresh":false,"showFog":true,"showSkybox":true,"showFlares":true,"showImageEffects":true,"showParticleSystems":true,"showVisualEffectGraphs":true,"m_FxEnabled":true},"in2DMode":false,"pivot":{"x":21.436986923217775,"y":8.804213523864746,"z":29.599449157714845},"rotation":{"x":0.01446862518787384,"y":-0.978902280330658,"z":0.07003605365753174,"w":0.19247034192085267},"size":1.6352055072784424,"orthographic":false}