{"cameraMode":{"drawMode":0,"name":"Shaded","section":"Shading Mode"},"sceneLighting":false,"audioPlay":false,"sceneViewState":{"m_AlwaysRefresh":false,"showFog":true,"showSkybox":true,"showFlares":true,"showImageEffects":true,"showParticleSystems":true,"showVisualEffectGraphs":true,"m_FxEnabled":true},"in2DMode":false,"pivot":{"x":24.99384117126465,"y":5.920672416687012,"z":69.54085540771485},"rotation":{"x":-0.04524756595492363,"y":0.10705357044935227,"z":-0.005754050798714161,"w":-0.9933724999427795},"size":0.8660253882408142,"orthographic":false}