{"cameraMode":{"drawMode":0,"name":"Shaded","section":"Shading Mode"},"sceneLighting":false,"audioPlay":false,"sceneViewState":{"m_AlwaysRefresh":false,"showFog":true,"showSkybox":true,"showFlares":true,"showImageEffects":true,"showParticleSystems":true,"showVisualEffectGraphs":true,"m_FxEnabled":true},"in2DMode":false,"pivot":{"x":21.138774871826173,"y":2.1806633472442629,"z":45.061279296875},"rotation":{"x":0.006661064922809601,"y":-0.9586907625198364,"z":0.27282828092575076,"w":-0.017527105286717416},"size":3.574563503265381,"orthographic":false}