{"cameraMode":{"drawMode":0,"name":"Shaded","section":"Shading Mode"},"sceneLighting":false,"audioPlay":false,"sceneViewState":{"m_AlwaysRefresh":false,"showFog":true,"showSkybox":true,"showFlares":true,"showImageEffects":true,"showParticleSystems":true,"showVisualEffectGraphs":true,"m_FxEnabled":true},"in2DMode":false,"pivot":{"x":45.526676177978519,"y":-0.7618002891540527,"z":94.18629455566406},"rotation":{"x":-0.09790617227554321,"y":-0.2605323791503906,"z":0.026381978765130044,"w":-0.9602404832839966},"size":28.136089324951173,"orthographic":false}