{"cameraMode":{"drawMode":0,"name":"Shaded","section":"Shading Mode"},"sceneLighting":false,"audioPlay":false,"sceneViewState":{"m_AlwaysRefresh":false,"showFog":true,"showSkybox":false,"showFlares":true,"showImageEffects":true,"showParticleSystems":true,"showVisualEffectGraphs":true,"m_FxEnabled":true},"in2DMode":false,"pivot":{"x":-6.556510925292969e-7,"y":1.0675102472305298,"z":-0.05105006694793701},"rotation":{"x":0.012703235261142254,"y":0.6896964311599731,"z":-0.012120365165174008,"w":0.7238438129425049},"size":1.332672357559204,"orthographic":false}